{"cameraMode":{"drawMode":0,"name":"Shaded","section":"Shading Mode"},"sceneLighting":false,"audioPlay":false,"sceneViewState":{"showFog":false,"showMaterialUpdate":false,"showSkybox":false,"showFlares":false,"showImageEffects":false,"showParticleSystems":false},"in2DMode":false,"pivot":{"x":-2.9802322387695315e-8,"y":0.0,"z":5.960464477539063e-8},"rotation":{"x":0.012285073287785054,"y":0.984188973903656,"z":-0.15964557230472566,"w":0.07573556154966355},"size":0.8660253882408142,"orthographic":false}