{"cameraMode":{"drawMode":0,"name":"Shaded","section":"Shading Mode"},"sceneLighting":false,"audioPlay":false,"sceneViewState":{"showFog":false,"showMaterialUpdate":false,"showSkybox":false,"showFlares":false,"showImageEffects":false,"showParticleSystems":false},"in2DMode":false,"pivot":{"x":8.940696716308594e-8,"y":0.6336756944656372,"z":-0.22259244322776795},"rotation":{"x":-0.0018203625222668052,"y":0.9981673955917358,"z":-0.045257505029439929,"w":-0.04014699161052704},"size":0.8867397308349609,"orthographic":false}